"Title","Average_2014","Male_2014","Female_2014","Gap_2014","Average_2015","Male_2015","Female_2015","Gap_2015","Average_2016","Male_2016","Female_2016","Gap_2016","Average_2017","Male_2017","Female_2017","Gap_2017","Average_2018","Male_2018","Female_2018","Gap_2018","Average_2019","Male_2019","Female_2019","Gap_2019","Average_2020","Male_2020","Female_2020","Gap_2020"
"12 MONTH SPECIAL EDUCATION ASST. PRINCIPAL",NA,NA,NA,NA,NA,NA,NA,NA,NA,NA,NA,NA,NA,NA,NA,NA,NA,NA,NA,NA,140027.268097968,140734.093741792,139726.954196188,"0.4%",145623.095238095,145654.061258882,145609.952381974,"0.0%"
"ACCOUNTANT",61658.8109223806,62948.0269174362,60235.6981439952,"2.2%",63859.7796744837,64409.9268705834,63167.2859219245,"1.0%",64326.704027294,65878.2646599985,62705.9784417718,"2.5%",64816.1511288223,66934.867772848,62811.1638585009,"3.2%",62582.3320388464,64155.2682210256,61131.650530564,"2.4%",64961.8845619007,66318.6399745863,63805.1238815962,"1.9%",67980.1174089069,69286.9229710754,66875.7437218372,"1.8%"
"ADM MANAGER-NON-MGRL",NA,NA,NA,NA,73900.6450738072,75062.5748388094,73502.6347970075,"1.1%",76790.4396952207,80966.1521406038,75623.9511319121,"3.4%",78079.5156354247,79734.2006676742,77664.9689072133,"1.3%",NA,NA,NA,NA,NA,NA,NA,NA,82769.7550831793,86140.5634398358,81912.3820350688,"2.5%"
"ADM MANAGER-NON-MGRL FROM M1/M2",70751.165843376,70932.8005786262,70682.5717090833,"0.2%",NA,NA,NA,NA,NA,NA,NA,NA,NA,NA,NA,NA,77143.6687653833,79332.0976902392,76597.5288248513,"1.8%",77413.8952402761,80207.5679333481,76708.3654162227,"2.2%",NA,NA,NA,NA
"ADMIN COMMUNITY RELATIONS SPECIALIST",NA,NA,NA,NA,NA,NA,NA,NA,NA,NA,NA,NA,96275.4738261906,96214.0027618119,96319.9099139457,"-0.1%",86016.5782779202,89578.0034597344,84069.9905251493,"3.2%",85665.7560893717,88749.6919724232,84001.0701356886,"2.7%",86434.5753012048,89492.139857559,84655.8532397599,"2.8%"
"ADMINISTRATIVE DIRECTOR OF SOCIAL SERVICES",97365.8470113446,97092.1997260619,97472.9114695967,"-0.2%",103111.61004335,105357.254484647,102121.343442671,"1.6%",105285.397289644,106647.088878947,104691.789737428,"0.9%",105125.123776892,106396.005430616,104589.193774092,"0.9%",103513.483251571,104978.579952291,102951.291125925,"1.0%",107625.231028927,110455.033052281,106569.626476384,"1.8%",110993.766393443,114783.020344525,109615.936771383,"2.3%"
"ADMINISTRATIVE EDUCATION ANALYST",107502.690858319,108797.843814093,106760.094457533,"0.9%",113246.106659836,113671.442471346,113005.963031299,"0.3%",112646.322073736,112470.747198266,112757.22544158,"-0.1%",110059.520834026,111130.479844117,109432.98341913,"0.8%",108242.95282071,110125.096021989,107170.515159017,"1.4%",109730.186268713,111770.010381514,108483.650739322,"1.5%",113293.770348837,116555.614814556,111383.042857863,"2.3%"
"ADMINISTRATIVE EDUCATION OFFICER",111041.840338036,115553.515722146,108698.262366876,"3.1%",109617.602840736,112705.613785793,108032.218583811,"2.1%",106771.954386819,108852.14411937,105698.848468518,"1.5%",105191.556939728,107072.638240493,104227.652113757,"1.3%",103491.924382783,104367.592169041,103033.153882719,"0.6%",105344.620905276,107169.288103289,104384.825947465,"1.3%",108829.40546697,108915.210527733,108783.663140789,"0.1%"
"ADMINISTRATIVE ENGINEER",127942.537438149,128882.77724988,120581.406731912,"3.3%",133863.006927281,134669.177059082,127861.852095379,"2.6%",136381.475002967,137237.10709478,131025.346542616,"2.3%",138816.699377028,139371.612018825,135417.939610301,"1.4%",131683.078417797,132433.068425926,127545.303158399,"1.9%",135178.605263875,136174.336012095,130153.917892676,"2.3%",139195.112328767,140229.735851047,133811.16586244,"2.3%"
"ADMINISTRATIVE PROCUREMENT ANALYST",NA,NA,NA,NA,NA,NA,NA,NA,NA,NA,NA,NA,NA,NA,NA,NA,NA,NA,NA,NA,90672.3104345962,94420.7719556484,88336.4252958365,"3.3%",NA,NA,NA,NA
"ADMINISTRATIVE PROCUREMENT ANALYST-NON-MGRL",NA,NA,NA,NA,NA,NA,NA,NA,NA,NA,NA,NA,NA,NA,NA,NA,NA,NA,NA,NA,NA,NA,NA,NA,87766.3457943925,93127.4231597493,85223.3037253797,"4.4%"
"ADMINISTRATIVE PROJECT MANAGER",114887.883069373,113786.267490962,118389.104259132,"-2.0%",121049.597892151,118445.137251919,129055.069524106,"-4.3%",123611.914482127,121276.351017812,130537.518971286,"-3.7%",122521.8807332,121955.189924762,124135.593925809,"-0.9%",118235.446206813,118029.921088367,118782.854798117,"-0.3%",119471.077505756,120190.77380985,117556.486635316,"1.1%",118795.81042654,119970.2883675,115760.27827911,"1.8%"
"ADMINISTRATIVE STAFF ANALYST",101225.803707525,104283.637688732,98858.0119185876,"2.7%",101906.433076304,104733.284108539,99789.8400549995,"2.4%",106584.659556274,108959.637896801,104801.613558463,"1.9%",109163.789864742,110339.865336705,108204.157415959,"1.0%",107589.743260573,108480.948703824,106853.5764054,"0.8%",109939.051168,110786.362113495,109252.216446291,"0.7%",111935.074610131,112813.639091831,111249.004544059,"0.7%"
"AGENCY ATTORNEY",82881.7814644014,83104.8752245318,82744.6560817069,"0.2%",87122.2632392061,87742.1677787275,86729.5993509629,"0.6%",87687.9024384061,87784.9498838141,87624.0131631984,"0.1%",89012.3149619799,89212.8794384683,88877.9956464771,"0.2%",86752.8022127919,86823.3457356607,86705.3727253873,"0.1%",89460.9875237698,89485.8050835209,89444.1225658378,"0.0%",92122.9175098425,92028.7841990797,92190.1270745047,"-0.1%"
"ANNUAL ED PARA",33007.5727419119,32167.4011265508,33200.3039850092,"-1.6%",34507.975613719,33646.3395133616,34708.083479191,"-1.6%",35132.4596836231,34292.0923425589,35330.0146041843,"-1.5%",36112.8509995208,35178.5491390268,36333.3868754435,"-1.6%",37020.285684675,36068.676159187,37243.0338307021,"-1.6%",38208.2453473936,37229.8775438913,38434.7988658244,"-1.6%",38921.1901491366,38030.8597482208,39127.1670634371,"-1.4%"
"ASSISTANT CIVIL ENGINEER",NA,NA,NA,NA,NA,NA,NA,NA,NA,NA,NA,NA,69156.7361377787,69146.9016613525,69176.5935199448,"0.0%",67721.0566588901,67529.4997743159,68155.7444460059,"-0.5%",69836.6041563888,69534.1216578122,70513.0990256564,"-0.7%",72452.1404255319,72331.3912392474,72733.8140152903,"-0.3%"
"ASSISTANT CORPORATION COUNSEL",101362.7621831,99953.4395352022,102513.908270541,"-1.3%",106831.25153906,105648.055822633,107775.905153466,"-1.0%",107582.829186253,106032.573914141,108839.009052326,"-1.3%",107986.642140397,106296.10032036,109336.694425761,"-1.4%",105453.084259083,103864.465246939,106718.766516574,"-1.4%",110134.741393601,108722.690376072,111206.95056228,"-1.1%",113869.349823322,113607.175367299,114071.4771825,"-0.2%"
"ASSISTANT DISTRICT ATTORNEY",95538.8619548628,99102.4686458761,92489.6581046692,"3.5%",101720.101338187,104845.61896124,99063.598253635,"2.8%",101697.573625739,103511.305868512,100111.700724875,"1.7%",101641.576154622,102368.729095184,100965.765384851,"0.7%",98036.2117866597,98406.1571148286,97689.3323588387,"0.4%",103296.012531952,103592.118813176,103024.841785439,"0.3%",105258.305027933,105672.930411891,104895.994920779,"0.4%"
"ASSISTANT PRINCIPAL",116815.996990173,118032.58279469,116195.233987709,"0.8%",118545.595980371,119840.158476027,117868.246653927,"0.8%",120192.266726621,121658.563400654,119436.590081346,"0.9%",122745.772630104,124658.836621986,121784.128336456,"1.2%",125033.488521945,126938.014527011,124112.20058855,"1.1%",131052.918743078,133013.918670896,130102.429988544,"1.1%",134115.653130288,135652.229209967,133381.644277802,"0.8%"
"ASSISTANT PROFESSOR",75504.7632586897,75050.1861833248,75793.562639767,"-0.5%",76285.8601311946,75636.067819138,76717.7619351071,"-0.7%",75595.0016569924,74816.6231739593,76169.9934841223,"-0.9%",82787.8274968002,81386.2552485246,83933.4257603675,"-1.5%",80973.3442951469,80076.6831152844,81719.1195082109,"-1.0%",80195.0922761143,79856.1211296255,80477.3677545084,"-0.4%",83883.1940850277,83385.6533112064,84303.9386246948,"-0.5%"
"ASSISTANT RESIDENT BUILDING SUPT",65804.130242096,66028.0672637392,65092.8653362065,"0.7%",NA,NA,NA,NA,NA,NA,NA,NA,NA,NA,NA,NA,NA,NA,NA,NA,NA,NA,NA,NA,NA,NA,NA,NA
"ASSISTANT TO HEO",53685.5929726722,53039.207716111,53941.4748703237,"-0.8%",52991.8715678546,51070.6577740397,53779.0240595614,"-2.6%",52065.4696323402,50655.4563661336,52622.9221737208,"-1.9%",56919.1153789389,55831.4166175027,57334.4053649621,"-1.3%",55862.029691698,55890.8264836488,55851.9381016229,"0.0%",56034.9334667672,56569.4838947422,55859.5487919701,"0.6%",57607.4193548387,58713.0937283799,57271.3155981896,"1.2%"
"ASSOCIATE FRAUD INVESTIGATOR",65698.0198133134,65823.5206076833,65607.1621804049,"0.2%",68622.0466537424,68944.0877218222,68376.5440382874,"0.4%",69799.9004330673,69904.8196707729,69721.7117822611,"0.1%",70879.901548659,71004.257513091,70781.876484092,"0.2%",68922.0941447709,68828.2027806256,69000.9516061245,"-0.1%",70746.0264043302,70713.8374967888,70773.0224173243,"0.0%",72390.82,72256.865394241,72509.5780520892,"-0.2%"
"ASSOCIATE INSPECTOR",72058.2178567169,72111.7817381863,71384.5254644784,"0.5%",76452.5814116681,76546.5765663484,75269.0131059255,"0.8%",78009.4534163314,78140.7947479452,76348.5060044581,"1.2%",76829.7863009939,76958.0348735115,75075.7259847354,"1.2%",74530.7313683769,74678.0647447467,72676.1844347864,"1.4%",77070.8091848524,77363.7123693344,73294.6865438334,"2.7%",NA,NA,NA,NA
"ASSOCIATE JOB OPPORTUNITY SPECIALIST",58738.1658090183,59246.7793763397,58582.0199903437,"0.6%",61345.3598147412,61698.3842235701,61246.2319996792,"0.4%",62417.3695945288,62753.4895080107,62326.3545323327,"0.3%",63475.0799182137,64204.6927316963,63288.6847244235,"0.7%",61632.9237632242,62333.6057067481,61444.2145172533,"0.7%",63313.1232369095,63640.1775212994,63223.5436418314,"0.3%",64747.6473594549,64978.7667828917,64688.4719655426,"0.2%"
"ASSOCIATE PARK SERVICE WORKER",48034.0976384173,48142.9856231784,47156.803033435,"1.0%",49409.145529777,49443.1547926717,49171.0580712195,"0.3%",50386.4903467535,50458.0930168191,49875.8248958739,"0.6%",51211.5928850665,51194.229094221,51336.4089682085,"-0.1%",50002.1400342022,50056.8050518723,49643.7774139669,"0.4%",51354.9276306372,51432.2403680668,50932.5393214501,"0.5%",52161.1627906977,52223.3983442957,51848.1409551913,"0.4%"
"ASSOCIATE PROFESSOR",92336.0277364238,92621.7888943581,92051.121198358,"0.3%",92858.9090867766,93702.8865550417,92059.0934353738,"0.9%",91763.5475516038,92556.881209679,91073.8852139475,"0.8%",100062.501966032,100718.285353043,99519.7442089535,"0.6%",96673.4489609563,97208.024480024,96265.8081894871,"0.5%",95264.6932395855,96053.7497435425,94705.6893544412,"0.7%",98523.2470588235,99124.6546542179,98103.7223015331,"0.5%"
"ASSOCIATE PROJECT MANAGER",81180.8398631308,81193.880770904,81128.3752472428,"0.0%",84929.8075676676,85152.9455538173,84168.6324375999,"0.6%",86575.3568805145,86799.158850066,85713.2330832195,"0.6%",87520.9981487351,87589.2614262379,87229.1935624762,"0.2%",85894.1363520931,86005.3669016603,85415.3863765147,"0.3%",89021.589633734,89262.3805938558,87954.6262350403,"0.7%",90591.8349514563,90689.8420941031,90176.2664453003,"0.3%"
"ASSOCIATE RETIREMENT BENEFITS EXAMINER",NA,NA,NA,NA,59354.9427998149,59702.5610571072,59099.1317440917,"0.5%",60984.9608962883,60770.398055393,61143.4706168332,"-0.3%",61923.0257925141,62796.1664511761,61323.0131343789,"1.2%",60735.8007922176,61235.9264910622,60403.8672405574,"0.7%",62833.7234649046,63496.8100808516,62388.0305342512,"0.9%",NA,NA,NA,NA
"ASSOCIATE STAFF ANALYST",78615.6341849525,78777.6237660855,78474.728583233,"0.2%",78999.1990428572,79288.3030494221,78749.5492281527,"0.3%",84243.8505197852,84517.4984936939,84023.0157112278,"0.3%",85664.4384517245,85178.1217915622,86017.7348005372,"-0.5%",83225.4899347764,82758.7153428189,83596.475544415,"-0.5%",81667.1744756882,81634.5866061889,81691.6197391078,"0.0%",81537.7758007117,81594.9325288923,81493.4283237385,"0.1%"
"ASSOCIATE TRAFFIC ENFORCEMENT AGENT",49198.8671777166,49056.1850546272,49301.2035174445,"-0.2%",49248.2971961726,49173.3024116271,49306.9021983306,"-0.1%",52451.9320602444,52417.4068300909,52479.3292554391,"-0.1%",51967.4345492789,52148.4556201156,51819.3644829728,"0.3%",50385.1170938262,50608.7849436175,50207.4137150904,"0.4%",49972.3845728431,50185.9723628105,49805.1017615055,"0.4%",53240.4637681159,53285.7848864441,53205.339175377,"0.1%"
"BATTALION CHIEF",150232.043959064,150212.590199494,153668.148403883,"-1.1%",158439.234699048,158422.407703528,161248.546797811,"-0.9%",157355.739318519,157336.116175261,161005.087521799,"-1.2%",159487.150797473,159470.357552847,162625.826622546,"-1.0%",159881.823645078,159876.70134095,160770.560794436,"-0.3%",156059.550160183,156054.446609176,156931.934947686,"-0.3%",154313.459610028,154396.17344901,145293.971042554,"3.0%"
"BOOKKEEPER",46401.149552139,46377.4471438698,46411.9844992846,"0.0%",48767.9142280795,48481.5749369657,48897.9887576768,"-0.4%",49907.5540382454,49266.5555200567,50197.1969283082,"-0.9%",NA,NA,NA,NA,NA,NA,NA,NA,NA,NA,NA,NA,NA,NA,NA,NA
"BUDGET ANALYST",83251.9495681424,86343.2601753216,80309.9173965025,"3.6%",87869.2256838452,89847.2821623458,85919.0662272071,"2.2%",88795.107046883,89800.0743760963,87749.9858643998,"1.2%",90506.6117004947,91668.2424521424,89261.1473219849,"1.3%",88380.6495434645,89376.189546889,87185.9855543329,"1.2%",91488.459464959,92598.9584640224,90127.3959969283,"1.4%",93614.7463556851,95567.9968620836,91220.9156490731,"2.3%"
"CALL CENTER REPRESENTATIVE",NA,NA,NA,NA,NA,NA,NA,NA,NA,NA,NA,NA,NA,NA,NA,NA,NA,NA,NA,NA,37584.3270690051,37865.2147701484,37474.9596948321,"0.5%",38461.2283105023,38852.9203002638,38301.1286920248,"0.7%"
"CAPTAIN",114916.891291258,119692.587656099,99333.9690205769,"9.3%",118889.996069827,123936.417702767,103077.784911411,"9.2%",118584.283448307,124124.493397931,102141.84561705,"9.7%",117765.312951899,123620.764234892,101328.296201522,"9.9%",117292.756683732,123908.196518666,99952.0281668603,"10.7%",116858.584959468,122344.070269453,102223.111764865,"9.0%",118613.277496839,123723.977351486,103727.075986738,"8.8%"
"CARETAKER",39283.6395809013,39263.5703822198,39314.0853938013,"-0.1%",41133.7010365505,40954.3592632171,41411.956151072,"-0.6%",42279.073126683,42255.9876241996,42314.3310208989,"-0.1%",42214.5849529827,42728.247392959,41519.1421411432,"1.4%",40586.9652259717,41006.4714975642,40019.1608903716,"1.2%",40428.3132924563,40761.3741438636,39984.9729315268,"1.0%",40550.9634574842,40686.807672077,40370.7329569458,"0.4%"
"CASEWORKER",43921.552886922,44049.0886927655,43861.4445541135,"0.2%",45661.3082711794,45820.9865383906,45590.305550921,"0.3%",46163.9664365476,46383.9703860912,46071.0330374611,"0.3%",46683.5026476374,46874.6679105541,46606.5855015322,"0.3%",45315.2258350481,45408.3289184915,45278.6192538465,"0.1%",46592.3205693885,46613.4184745545,46584.4193992865,"0.0%",47768.6038277512,47815.4731947077,47751.5262006043,"0.1%"
"CERTIFIED IT ADMINISTRATOR",NA,NA,NA,NA,NA,NA,NA,NA,NA,NA,NA,NA,109573.453401836,109800.317341469,108060.35887438,"0.8%",105469.274442629,105571.057390775,104766.647963164,"0.4%",108849.46530512,109130.383350468,107049.685104407,"1.0%",112229.32748538,112468.025985408,110524.305499114,"0.9%"
"CHILD PROTECTIVE SPECIALIST",53589.5056536268,53861.6442018643,53536.8388921753,"0.3%",55506.4326056263,55574.6085811174,55493.2271271811,"0.1%",56266.2555754549,56155.146138031,56287.508676962,"-0.1%",56245.4483262462,56113.0009964989,56271.4178528492,"-0.1%",54280.5122192359,54147.3635641911,54307.4174026866,"-0.1%",55931.5305059886,55868.0816922314,55945.1577075793,"-0.1%",58918.6015348288,58803.4842487184,58944.0075855914,"-0.1%"
"CHILD PROTECTIVE SPECIALIST SUPERVISOR",75951.4224440144,75477.6830409577,76091.6387914494,"-0.4%",79581.6078738839,78654.5706376855,79850.1736656574,"-0.8%",80982.6892587824,80011.1412056277,81259.9562680889,"-0.8%",81125.8890759648,81049.44184971,81146.2178910978,"-0.1%",79298.0317472571,80152.4193844887,79084.6257213187,"0.7%",80337.6667603825,81036.247216907,80169.9780090783,"0.5%",82485.2092511013,83528.50426807,82246.7822522738,"0.8%"
"CITY CUSTODIAL ASSISTANT",33349.2330915394,33392.2703415385,33296.5934210965,"0.1%",34605.5263920109,34681.7312448521,34514.0694135326,"0.2%",NA,NA,NA,NA,35504.6771203507,35614.7570895087,35376.7143090852,"0.3%",34996.0612459784,35083.8108366566,34897.7164083106,"0.3%",36302.4007963172,36309.4059283045,36294.6532487743,"0.0%",36882.1656891496,36904.4793473718,36858.2201917916,"0.1%"
"CITY OF NEW YORK (ALL AGENCIES / TITLES)",71694.7534179955,75601.4935050479,68459.0444702193,"5.0%",73944.3561841732,77278.5219994651,71223.2796032083,"4.1%",74970.1398266104,77963.3153086823,72530.4474948154,"3.6%",76490.9715373856,79309.3187364749,74195.5501427772,"3.3%",76708.4884972736,78943.7659644138,74902.3428408708,"2.6%",77494.2153213892,79341.0962370189,76010.0790770575,"2.1%",78977.4600948257,80415.8004726954,77838.0877543128,"1.6%"
"CITY PARK WORKER",37743.8355248538,37534.1320741454,38496.602283295,"-1.3%",39729.3317252294,39517.8613505401,40412.8361726194,"-1.1%",41407.381815891,40947.9603107177,42953.1275151136,"-2.4%",42783.3266324167,42562.6224476477,43509.1209206622,"-1.1%",41093.7029151511,40571.6539464366,42644.076668444,"-2.5%",42517.8286177816,42324.190643823,42994.0091312953,"-0.8%",41487.5773913043,41469.4996400857,41529.3037578015,"-0.1%"
"CITY PLANNER",74095.1069522498,75051.9389276591,72857.0077517362,"1.5%",77126.2343278568,78212.7548000251,75755.4788323776,"1.6%",77187.5174627723,77880.6470460386,76429.2863352621,"0.9%",82059.6373154845,83267.0820936927,80647.7342363748,"1.6%",NA,NA,NA,NA,82256.3751218932,83283.0525602816,80939.4401905054,"1.4%",NA,NA,NA,NA
"CITY RESEARCH SCIENTIST",85792.6515750406,87414.9229495445,84991.8348040252,"1.4%",87948.940276936,88145.7402359424,87856.4940248966,"0.2%",87895.3815287713,88429.286217614,87628.617908034,"0.5%",88496.7628538065,89630.0752635473,87943.262065,"0.9%",86392.4851242721,86944.5700591201,86120.2246708761,"0.5%",90093.8640077266,90705.1087767053,89804.3032292484,"0.5%",92866.8130915577,93701.5173623457,92479.032455384,"0.7%"
"CITY TAX AUDITOR",60803.999809191,61565.670523729,59711.6369328473,"1.5%",65173.1477669498,66271.602384959,63718.1862711612,"2.0%",67092.2323748156,67558.6956331527,66467.4628647746,"0.8%",66850.3146079672,66929.5644707673,66750.8168261647,"0.1%",65506.3875131382,65425.7206738716,65600.6903686814,"-0.1%",66816.8720340099,66802.2272804381,66833.4025405913,"0.0%",66805.6545454545,66853.8435007467,66750.4305484455,"0.1%"
"CLERICAL ASSOCIATE",NA,NA,NA,NA,43140.1256565644,42716.4805959723,43238.3507570923,"-0.6%",43794.5809567261,43349.695762002,43901.0606328291,"-0.6%",44231.7926129324,43515.4459810051,44398.8723840579,"-1.0%",43551.2329461455,42961.2253853929,43683.371011812,"-0.8%",44723.3985025057,43768.2974571682,44946.2874537463,"-1.3%",45582.1080090061,44643.9684802911,45808.3457016615,"-1.3%"
"CLERICAL ASSOCIATE MOST MAYORAL AG",40990.3681586025,40593.8427690358,41079.7236837893,"-0.6%",NA,NA,NA,NA,NA,NA,NA,NA,NA,NA,NA,NA,NA,NA,NA,NA,NA,NA,NA,NA,NA,NA,NA,NA
"COMMUNITY ASSISTANT",34979.2523885194,34909.5774751584,35040.9454238079,"-0.2%",36542.2018680952,36525.1458430991,36556.9028807888,"0.0%",36951.1810566578,36919.6574618852,36978.3917292155,"-0.1%",37373.8655958029,37302.9807238576,37436.1864185718,"-0.2%",36321.0085914254,36194.4803092286,36430.0309648056,"-0.3%",37460.8671262588,37409.2718897284,37509.1895323865,"-0.1%",38273.4762516046,38322.9562415542,38223.6119415958,"0.1%"
"COMMUNITY ASSOCIATE",44546.5547467657,44231.4654591988,44665.492164707,"-0.5%",46087.8697618284,46067.5897144379,46095.3302278937,"0.0%",46953.875093203,46826.7545405111,47004.0661763356,"-0.2%",47760.028674399,47805.2027136792,47740.788497392,"0.1%",46505.3108165899,46624.8097945956,46455.4487729644,"0.2%",47788.3475974284,47795.3869420248,47785.4177818224,"0.0%",48508.6281178707,48601.1733493871,48469.5293013812,"0.1%"
"COMMUNITY COORDINATOR",63129.1908803162,64231.0353655978,62521.8672472657,"1.3%",65249.6202493926,66382.9734386112,64590.1091757785,"1.4%",65860.8654955034,66803.4931969035,65309.8262361031,"1.1%",66517.4125010143,67153.3302700793,66139.5051979028,"0.8%",65292.5645694173,65905.5296429166,64919.7313643249,"0.8%",66427.8089775758,67055.8453925986,66048.4234207616,"0.8%",67784.8416151649,68104.0146525567,67592.8631809009,"0.4%"
"COMPUTER AIDE-NON-SPVR",47765.4483558693,48119.1645901381,47364.9330429516,"0.8%",NA,NA,NA,NA,NA,NA,NA,NA,NA,NA,NA,NA,NA,NA,NA,NA,NA,NA,NA,NA,NA,NA,NA,NA
"COMPUTER ASSOCIATE",69853.2062555041,70299.6252357574,69108.1240400542,"0.9%",72867.3332994335,73216.1646285523,72235.2318934371,"0.7%",75215.9390071839,75777.2774859382,74124.4306705329,"1.1%",76697.6179918705,77135.2566914752,75843.1287802216,"0.8%",74093.6139822238,74537.6051243586,73087.5105333024,"1.0%",74555.8152270335,75080.1945270847,73368.6730675181,"1.2%",76188.8089430894,76728.6543125979,74995.72487485,"1.1%"
"COMPUTER SPECIALIST",97030.2290839744,97567.3741965974,95810.4620098229,"0.9%",101636.235386213,102387.691906385,99905.7143793235,"1.2%",103460.76670452,104075.876574697,101940.704293705,"1.0%",104318.13104321,104792.325222829,103220.725859328,"0.8%",101248.363390669,101888.433739277,99871.2910405296,"1.0%",103707.511492737,104247.117124301,102556.111916609,"0.8%",105922.366788321,106550.96002418,104574.350108915,"0.9%"
"COMPUTER SYSTEMS MANAGER",123425.149582689,124125.683971394,121194.693685304,"1.2%",129503.733961854,130464.934325183,126586.2128373,"1.5%",131617.165181217,132947.25284233,127548.629091113,"2.1%",132761.865553549,134945.783298926,125935.807622783,"3.5%",129049.218204329,130941.571896616,123356.57825765,"3.0%",133604.227084335,135354.333322413,128481.612317266,"2.6%",138445.733055266,140309.750315746,133198.433002859,"2.6%"
"CONSTRUCTION PROJECT MANAGER",75050.5377750727,75173.7964011582,73892.6361174437,"0.9%",78238.4528750956,78313.9462911108,77531.8406142508,"0.5%",79023.3924869175,79293.9526919266,76932.9125131576,"1.5%",80370.1277977654,80573.8624377737,78838.3953409399,"1.1%",79303.8199696617,79574.7621786683,77426.6830810312,"1.4%",81952.4377314725,82323.8387970019,79442.0216707145,"1.8%",83610.0502970297,83631.8893657814,83468.876655649,"0.1%"
"CORRECTION OFFICER",72851.1428220905,72383.2625445957,73498.9136324068,"-0.8%",72387.3231917412,71717.0774761691,73317.4422079635,"-1.1%",72878.8442400893,72049.6073946046,74047.2993715144,"-1.4%",67980.0054574979,66487.4399858746,70313.5770513452,"-2.8%",68749.091155771,67426.8604441334,70807.6823343293,"-2.4%",69152.5239597825,68459.8904343953,70203.5567582013,"-1.3%",71740.1951182763,71293.3184769159,72411.2700017062,"-0.8%"
"CRIMINALIST",67964.5791366425,69559.7201630921,67338.8166717784,"1.6%",71174.6976983261,72888.6493543009,70537.6019205264,"1.6%",72487.7406548258,75148.855347048,71424.2874259063,"2.5%",74620.3168130456,75927.528965228,74088.357196731,"1.2%",70429.4603063909,69864.5121790367,70674.9393153181,"-0.6%",73246.7339407737,73056.6548881088,73326.8828775443,"-0.2%",77124.4179104478,78427.218958188,76589.8720085211,"1.2%"
"CUNY CUSTODIAL ASSISTANT",32077.9056549588,32031.7393507361,32169.6942190057,"-0.2%",32223.9722382554,32188.92864365,32296.8809474509,"-0.2%",NA,NA,NA,NA,34687.9246838751,34682.7299748297,34697.273950996,"0.0%",33660.1404542158,33603.623707437,33758.1015487189,"-0.2%",33216.8217572344,33166.370886588,33302.3106846324,"-0.2%",NA,NA,NA,NA
"CUNY OFFICE ASSISTANT",35499.121303452,33896.7274670165,35762.9148854525,"-2.7%",35577.8818787273,34168.0057636948,35798.6888389365,"-2.3%",35458.5790468576,34151.1248878897,35673.1799828833,"-2.2%",38142.4301031368,36637.1882376178,38395.317487478,"-2.3%",37443.182292343,36196.7915374803,37654.5542900109,"-2.0%",37331.3477781332,35530.9767097272,37627.0515492127,"-2.9%",40623.7171717172,38940.7396119294,40885.6794841502,"-2.4%"
"CUSTODIAL ASSISTANT",NA,NA,NA,NA,NA,NA,NA,NA,34191.4434544501,34097.016277418,34323.6932956676,"-0.3%",NA,NA,NA,NA,NA,NA,NA,NA,NA,NA,NA,NA,NA,NA,NA,NA
"CUSTODIAN",39342.6672562171,39374.2362815437,39259.0176593285,"0.1%",40798.6057281611,40730.8738127417,40983.7254967808,"-0.3%",41583.5536870461,41572.5959193201,41611.291995922,"0.0%",42278.4864971189,42300.7519067033,42220.1100745588,"0.1%",41096.039230967,40945.8072997271,41497.5356407677,"-0.7%",41355.4765435144,41167.4558676453,41847.2323662905,"-0.8%",44627.7456105611,44308.3552511723,45499.1956442246,"-1.3%"
"CUSTOMER INFORMATION REPRESENTATIVE",NA,NA,NA,NA,49298.2282074044,49837.216533778,49070.0088839642,"0.8%",52123.0733279011,52193.0330164564,52095.582738,"0.1%",53702.3272496398,52580.7118998512,54133.0146054788,"-1.5%",NA,NA,NA,NA,NA,NA,NA,NA,NA,NA,NA,NA
"CUSTOMER INFORMATION REPRESENTATIVE MA L 1549",47312.3088099587,48729.312552498,46804.5222723792,"2.0%",NA,NA,NA,NA,NA,NA,NA,NA,NA,NA,NA,NA,52360.795859217,50948.2943883046,52922.0261652563,"-1.9%",53804.5547492479,53485.4116999912,53921.225080205,"-0.4%",55502.8820375335,56058.0416707292,55312.3489454364,"0.7%"
"DECKHAND",52578.860755972,52617.7817372772,51100.1929036723,"1.5%",NA,NA,NA,NA,NA,NA,NA,NA,56806.2584270989,56813.4350153257,56581.6668613261,"0.2%",NA,NA,NA,NA,54032.5706737061,54132.9850418202,51714.7707231878,"2.3%",57571.2268518519,57758.2334167699,54680.4132483794,"2.7%"
"DIRECTOR OF FIELD OPERATIONS",NA,NA,NA,NA,NA,NA,NA,NA,NA,NA,NA,NA,NA,NA,NA,NA,NA,NA,NA,NA,105678.905936185,108171.895649489,105092.589692105,"1.4%",110739.567961165,111928.300666763,110445.605388502,"0.7%"
"EDUCATIONAL ADMINISTRATOR",NA,NA,NA,NA,NA,NA,NA,NA,NA,NA,NA,NA,124681.18041259,126141.641073061,124071.192248595,"0.8%",NA,NA,NA,NA,NA,NA,NA,NA,NA,NA,NA,NA
"EDUCATIONAL ADMINISTRATOR CSA",121181.286141766,123015.719773576,120508.190475021,"1.0%",123474.044480104,125791.31405317,122629.681946363,"1.3%",122526.264417477,123881.55746217,121958.866119971,"0.8%",NA,NA,NA,NA,127698.320418698,129220.048331064,127053.840743447,"0.8%",134410.163210413,136116.935741255,133667.88574336,"0.9%",140980.104803493,143099.174978948,140063.538935616,"1.1%"
"ELIGIBILITY SPECIALIST",39604.4712986701,39538.8183491081,39621.2515896923,"-0.1%",41384.4874511386,41379.921452397,41385.6287836977,"0.0%",42042.3242279058,42067.235449543,42036.3216263745,"0.0%",42758.0253726945,42735.5577135705,42763.4604557358,"0.0%",41111.8114817797,41030.8746067669,41130.7274302557,"-0.1%",42223.5068932513,42245.5275073093,42218.2180809554,"0.0%",43466.0819174757,43553.9804398993,43444.7147002801,"0.1%"
"EMERGENCY MEDICAL SPECIALIST-EMT",44066.9871841851,43503.3360250187,45671.6176603092,"-2.4%",43171.6128670111,42710.6708195858,44507.2222679294,"-2.1%",42615.0408330277,42156.072871432,43990.1652924166,"-2.1%",44500.1961562646,44101.3713289167,45742.1229241819,"-1.8%",45054.7781220981,44642.1782240279,46145.9669495187,"-1.7%",43570.2252445762,43169.0639831983,44642.8287727855,"-1.7%",43679.8507704785,43258.1579490206,44885.1585444125,"-1.8%"
"EMERGENCY MEDICAL SPECIALIST-PARAMEDIC",59435.4540190763,59850.0176740236,58217.1656835325,"1.4%",58953.17305917,59067.8070723478,58613.8502124258,"0.4%",58880.4978116981,59011.3736961612,58492.9130083341,"0.4%",62484.2355388767,62603.4649686811,62117.7096202664,"0.4%",63492.4002199368,63773.9064535238,62655.4313006044,"0.9%",61995.4014110516,62268.1294275656,61208.2093355664,"0.9%",60428.2446524064,60860.1264381239,59275.0676348852,"1.3%"
"ENVIRONMENTAL POLICE OFFICER",NA,NA,NA,NA,NA,NA,NA,NA,NA,NA,NA,NA,NA,NA,NA,NA,NA,NA,NA,NA,NA,NA,NA,NA,60288.5794392523,61114.5425000564,55669.3897423311,"4.7%"
"EXECUTIVE AGENCY COUNSEL",125215.241251469,124708.448077297,125635.450331535,"-0.4%",132091.310858225,132793.163099868,131567.582537373,"0.5%",135868.889193219,137079.146536114,134995.0616274,"0.8%",137667.773343492,139230.302310601,136574.384920633,"1.0%",134622.034652114,134226.535326993,134895.434507369,"-0.2%",139678.494547002,141319.266233516,138570.935826764,"1.0%",143904.879431193,144412.724139993,143541.958795471,"0.3%"
"FIREFIGHTER",79332.0617107106,79366.0488971866,76987.513984073,"1.5%",76561.1282264154,76639.5627740612,71559.8100645702,"3.4%",79831.7137041584,79941.3198546958,73320.0332425525,"4.3%",77787.9064279124,77927.387236383,70339.6623833607,"5.1%",75105.5122592881,75262.494136716,67608.4722455256,"5.4%",73957.2648322603,74131.155038969,66581.5243366833,"5.4%",74265.5623727088,74411.3476286608,68267.8754269121,"4.3%"
"FRAUD INVESTIGATOR",49263.2198076139,49313.2267796772,49226.8884933448,"0.1%",51779.9184634554,51653.1889622253,51873.512914832,"-0.2%",52955.6482220401,52819.3038269084,53054.2687251432,"-0.2%",53712.758598918,53641.4742514458,53762.9912109208,"-0.1%",52069.0013877974,51996.7260664167,52116.6709582614,"-0.1%",53495.2650366246,53275.2591636944,53642.9403708541,"-0.3%",54922.1191489362,54808.5127865229,54996.9093866458,"-0.2%"
"GENERAL SUPERINTENDENT",129320.342278748,129368.119370734,127917.395900771,"0.6%",133378.446773832,133062.471548048,143044.075807059,"-3.6%",135705.15530003,135740.96907866,134932.114088579,"0.3%",136471.377401065,136565.016774131,134530.803363627,"0.8%",135992.432451042,136246.944103542,131386.769127797,"1.8%",138263.61637087,138275.010934937,138067.206613409,"0.1%",136649.490494297,136887.015001842,131903.390082675,"1.9%"
"GUIDANCE COUNSELOR",90496.5077416856,91673.1673324509,90191.6681384224,"0.8%",94014.2176997261,94356.6423612451,93923.7549442467,"0.2%",95550.7263476732,95425.590226625,95584.2357641,"-0.1%",97797.7937142189,97166.4893323843,97966.3207348699,"-0.4%",100569.07204259,99819.5825505519,100769.978329682,"-0.5%",102351.583642059,101840.642717453,102487.916122649,"-0.3%",104112.366046696,103466.802295817,104283.258858943,"-0.4%"
"HEALTH SERVICES MANAGER",NA,NA,NA,NA,NA,NA,NA,NA,111543.443196023,111801.002595203,111403.516491209,"0.2%",NA,NA,NA,NA,106918.235402765,109583.268965593,105809.468171036,"1.8%",NA,NA,NA,NA,NA,NA,NA,NA
"HEATING PLANT TECHNICIAN",47683.4120653352,47625.9920506422,47816.3231938077,"-0.2%",49168.8803710053,48757.1523211225,50121.6719155542,"-1.4%",50645.4880188353,50589.0642683201,50772.7442045784,"-0.2%",52238.4778417823,52194.3300454205,52341.7951947224,"-0.1%",50002.6130594519,49643.6494359037,50898.5359566946,"-1.2%",50158.6223896467,49675.1886219934,51354.7078919809,"-1.7%",50565.1274900398,50408.519750546,50898.07273926,"-0.5%"
"HIGHER EDUCATION ASSISTANT",67099.7314447115,69259.5236657185,66067.3846989516,"2.4%",67785.8321466912,68918.1261023008,67239.5399838677,"1.2%",66959.5769232009,68231.622257888,66375.0901173729,"1.4%",72788.0064736853,73320.4638193372,72536.4717892933,"0.5%",71434.4559756102,71738.2696607661,71296.154113045,"0.3%",71347.114637102,70988.1375573782,71508.9261268987,"-0.4%",74132.8215547703,73962.4780044074,74209.2501072037,"-0.2%"
"HIGHER EDUCATION ASSOCIATE",87687.6866844894,89381.0722460476,86696.9726984057,"1.5%",88013.8745938617,90233.929863773,86836.7756282012,"1.9%",87660.2110840762,87815.4716718505,87578.0017584648,"0.1%",96095.5792394217,96418.4015802579,95919.0923039858,"0.3%",94162.2095240678,95202.6365398532,93632.6440246012,"0.8%",92584.4432850164,93137.1433236207,92297.3020714454,"0.5%",96335.8877887789,97758.1835910664,95629.8100835533,"1.1%"
"HIGHER EDUCATION OFFICER",NA,NA,NA,NA,NA,NA,NA,NA,112921.409801722,113368.389395797,112636.174873112,"0.3%",123267.825879658,123212.5733057,123302.560246822,"0.0%",118650.171620385,118706.131899927,118615.390406066,"0.0%",117787.580242911,118047.965653689,117614.219060192,"0.2%",120628.438596491,120455.433719926,120741.608810955,"-0.1%"
"HOUSING ASSISTANT",54694.2314938909,54513.2032398779,54751.4797802969,"-0.2%",56689.9517147509,55943.2980116567,56922.8156673385,"-0.9%",58359.4675260997,58268.8207844825,58387.5018369831,"-0.1%",59692.4744075013,59409.3376493993,59779.8534572417,"-0.3%",57160.1018983336,57514.4139328217,57057.1413418918,"0.4%",56350.4521555393,55466.1875323396,56617.1263387219,"-1.0%",56957.5016891892,56098.1056578607,57213.4733086466,"-1.0%"
"HOUSING CARETAKER",NA,NA,NA,NA,55944.7267320504,56010.8656749858,55753.8809744576,"0.2%",NA,NA,NA,NA,NA,NA,NA,NA,NA,NA,NA,NA,NA,NA,NA,NA,NA,NA,NA,NA
"INSPECTOR",56816.3345942269,57168.23708424,53594.5325344409,"3.2%",60008.2733160731,60306.1103531024,56955.4649563831,"2.9%",62357.9870806194,62751.0915872423,58472.8965607285,"3.5%",61848.8270264392,62438.3193121506,56220.4403318461,"5.2%",60303.0079734137,60761.9358637603,56041.4226038017,"4.0%",62334.4226180751,62885.2718263981,57483.8605525436,"4.5%",59530.642228739,60044.8895695325,56502.2293388497,"3.0%"
"INSPECTOR CONSTRUCTION",NA,NA,NA,NA,NA,NA,NA,NA,NA,NA,NA,NA,NA,NA,NA,NA,NA,NA,NA,NA,NA,NA,NA,NA,68961.3883161512,69200.4541672035,65828.7015701984,"2.5%"
"INVESTIGATOR",48175.1826925374,49401.0783397223,47150.7784066873,"2.3%",50738.1680785967,51443.363527074,50177.8713103377,"1.2%",53754.9097674728,54877.6142992116,52853.7353137311,"1.9%",55228.7622727778,55523.676942337,54976.4175250071,"0.5%",53510.704746218,53152.3204202015,53816.4939337597,"-0.6%",56413.1064343407,57279.0013813256,55710.3131203621,"1.4%",56346.4012539185,56993.3110101329,55808.1280443713,"1.1%"
"JOB OPPORTUNITY SPECIALIST",44204.3541689052,44119.075116891,44230.4223872979,"-0.1%",45748.434845176,45433.4884737587,45855.1294266889,"-0.5%",45935.0463684667,45763.2870607207,45994.3846803655,"-0.3%",47033.3797010779,46803.8642558154,47114.8364090632,"-0.3%",46042.2631581379,45828.3356057757,46118.6417378912,"-0.3%",47197.5500836808,46986.3900989115,47277.7675632158,"-0.3%",48046.0428736964,47854.1440831951,48119.7244889148,"-0.3%"
"JUVENILE COUNSELOR",42706.5951885545,42373.0978079828,43013.9000940973,"-0.8%",45005.7647213185,44922.3575336957,45085.8968438097,"-0.2%",NA,NA,NA,NA,NA,NA,NA,NA,NA,NA,NA,NA,NA,NA,NA,NA,NA,NA,NA,NA
"LECTURER",68201.7579446248,67762.9480058343,68587.8702214489,"-0.6%",69152.6000175418,68902.0646930924,69376.1659024205,"-0.3%",68718.5618863791,68299.8442432262,69126.5761491104,"-0.6%",75861.6101829848,75322.0711558584,76377.7358001104,"-0.7%",73967.8308616849,73770.2311624272,74153.8597866535,"-0.3%",74073.5001596784,73622.4444021211,74558.3042684002,"-0.6%",77740.4634146341,77658.3003702775,77825.4621911201,"-0.1%"
"LIEUTENANT",108375.739711134,107906.183322012,115450.708393581,"-3.4%",112437.398496673,111943.744835702,119728.430062266,"-3.4%",113116.998337786,112628.720225572,120583.407538192,"-3.4%",113392.476791525,112897.776906967,121008.756241357,"-3.5%",114957.795667135,114488.487232871,122007.710885091,"-3.2%",112350.029955562,111830.571411483,120457.655047872,"-3.7%",112861.84455011,112134.690369382,124271.57690047,"-5.1%"
"MOTOR VEHICLE OPERATOR",44993.0088679752,45042.5098155827,44601.1422707193,"0.5%",46563.1771726002,46659.795366942,45639.7951610354,"1.1%",46805.8390479254,46884.6573750675,46133.6181005041,"0.8%",47533.1924699044,47514.2653364126,47701.7561918281,"-0.2%",46029.7086558772,46108.9271558668,45360.2789296713,"0.8%",47284.049443309,47428.7432628125,46073.5636020812,"1.4%",48681.8479262673,48775.1333622815,47936.8470678041,"0.9%"
"OCCUPATIONAL THERAPIST",NA,NA,NA,NA,70436.3480531408,70669.0934899855,70402.7632334364,"0.2%",72378.8261152927,72592.2776864163,72349.0127645755,"0.2%",74400.0944973857,74672.23779855,74362.7841632864,"0.2%",76066.6616285452,76293.7989665812,76035.0406984811,"0.2%",76446.8048729893,76876.8235089763,76388.3528353601,"0.3%",77593.3827893175,77851.6313351652,77559.0815489187,"0.2%"
"P.O. DA DET GR3",93777.4626254586,93775.2239847265,93791.7192501277,"0.0%",96253.259714031,96233.4218058365,96386.2093045333,"-0.1%",96266.4098811019,96258.8719211552,96317.1237179644,"0.0%",96226.8879304251,96253.6836304893,96055.346429894,"0.1%",96665.6073917374,96667.2466717657,96655.2241550319,"0.0%",97823.2358924537,97826.9251178455,97800.929984154,"0.0%",97029.7519582245,97052.6399404939,96896.1238223102,"0.1%"
"P.O. DET SPEC",92902.0567359032,93081.2604303797,92077.0156475499,"0.5%",95708.4389977211,95847.3026063288,95026.7016186769,"0.4%",95954.260883123,96000.3589390037,95730.0764258988,"0.1%",95612.2347356941,95616.3945829278,95592.6619839518,"0.0%",96673.987123011,96673.5657037467,96675.9854503884,"0.0%",97894.8249576397,97893.792983446,97899.6579971811,"0.0%",97068.2002398082,97063.6498420363,97090.3944975321,"0.0%"
"PARALEGAL AIDE",46190.8861807008,46772.0949399926,45931.0355756476,"0.9%",48016.5834847312,48513.8443098241,47822.9247606792,"0.7%",49118.3271402138,49298.5432082572,49049.8921389448,"0.3%",49205.9692987984,49486.0147272133,49089.0420637105,"0.4%",47965.3651011847,47875.273513438,48010.0898186351,"-0.1%",49524.8752481779,49468.6464569523,49554.4654866577,"-0.1%",50994.8301282051,51110.6751873324,50938.517687413,"0.2%"
"PARK SUPERVISOR",69725.1774977779,69878.2466167934,69246.518314072,"0.5%",72979.6924868058,72982.879817671,72969.3426225062,"0.0%",73758.5623468671,73714.9351870932,73886.910917254,"-0.1%",74844.9103315765,74839.416666991,74859.3229370198,"0.0%",72612.1309296775,72727.5509327111,72290.6202697047,"0.3%",74617.2100002026,74544.5020621159,74810.6934543991,"-0.2%",77018.9288389513,77060.1018557998,76898.9098202112,"0.1%"
"PHYSICAL THERAPIST",NA,NA,NA,NA,71182.9242706575,71430.5537215628,71074.0122396103,"0.3%",73129.8674575837,73288.4060605435,73061.0502625005,"0.2%",75203.3291901285,75385.1113942437,75129.8009079206,"0.2%",76836.5117880293,76984.1311719897,76779.5028440136,"0.1%",77123.1068741684,77186.4617923624,77098.8356943227,"0.1%",78429.1356238698,78571.522268746,78376.9980104723,"0.1%"
"POLICE ADMINISTRATIVE AIDE",37759.2474194078,37361.1561067388,37791.7539716963,"-0.6%",39303.393651615,39327.7929582511,39301.4775042007,"0.0%",39802.8147863886,39441.2977654158,39833.8099432081,"-0.5%",40599.2767690908,39793.2401696314,40674.0258772386,"-1.1%",40187.4709947041,39741.4575927877,40225.4855436676,"-0.6%",42005.7575729616,41705.8685627845,42031.0424357625,"-0.4%",42775.8876811594,41040.0710524906,42954.8982443773,"-2.3%"
"POLICE COMMUNICATIONS TECHNICIAN",45330.7859228257,44697.7021587576,45446.3062059408,"-0.8%",47108.0164502609,46005.7256568762,47322.8381818112,"-1.4%",48780.0741552715,48520.91073357,48826.9610085778,"-0.3%",47797.1322429184,47484.7525587236,47855.0679931139,"-0.4%",46490.9899575993,45677.4890884433,46651.1887843328,"-1.1%",47175.7646936327,46582.0334917855,47284.6162542653,"-0.7%",48021.5423728814,47788.922859899,48067.305216758,"-0.3%"
"POLICE OFFICER",71854.8563843422,71511.007238404,73379.2864935092,"-1.3%",70734.9616951148,70397.3713841739,72215.1072321471,"-1.3%",69788.6142991857,69597.1943954667,70603.936277803,"-0.7%",74621.8187167698,74612.5858865949,74660.2126736386,"0.0%",72606.7866546076,72727.9173666139,72114.6156149676,"0.4%",71810.0617117741,72045.2630142675,70877.1020592172,"0.8%",71261.7775579843,71612.3438866036,69898.5426026527,"1.2%"
"POLICE OFFICER D/A DETECTIVE 1ST GR",122056.598151169,122056.598151169,122056.598151169,"0.0%",125529.505926609,125529.505926608,125529.505926608,"0.0%",125468.519217326,125468.150009369,125471.898724609,"0.0%",125249.341786149,125249.341786149,125249.341786149,"0.0%",124804.743486639,124804.743486639,124804.743486639,"0.0%",126421.604505838,126421.604505838,126421.604505838,"0.0%",125531,125531,125531,"0.0%"
"POLICE OFFICER D/A DETECTIVE 2ND GR",106333.031551526,106333.031551526,106333.031551526,"0.0%",109358.998119138,109358.998119138,109358.998119138,"0.0%",109308.238207076,109308.238207076,109308.238207076,"0.0%",109114.674849189,109114.674849189,109114.674849189,"0.0%",108727.332428257,108727.332428257,108727.332428257,"0.0%",110135.87614819,110135.87614819,110135.87614819,"0.0%",109360,109360,109360,"0.0%"
"PRINCIPAL",149041.258327808,150407.74038084,148344.91015589,"0.7%",151727.896080735,153266.868908521,150906.329101901,"0.8%",153722.051177842,155097.673732737,152999.253780122,"0.7%",157416.994884043,158697.197472975,156714.324473381,"0.6%",160356.484632933,161819.23906817,159530.783363937,"0.7%",167418.155018881,169211.200474296,166441.691343225,"0.8%",174088.822810591,175768.576010356,173181.427509496,"0.7%"
"PRINCIPAL ADMINISTRATIVE ASSOCIATE",NA,NA,NA,NA,59413.4955234514,58951.9705497966,59507.0659597268,"-0.5%",60620.1702821517,60216.3621409803,60704.2784725734,"-0.4%",61249.0156784551,60940.6616691466,61314.7181825155,"-0.3%",NA,NA,NA,NA,NA,NA,NA,NA,NA,NA,NA,NA
"PRINCIPAL ADMINISTRATIVE ASSOCIATE -  NON SUPVR",NA,NA,NA,NA,NA,NA,NA,NA,NA,NA,NA,NA,NA,NA,NA,NA,NA,NA,NA,NA,NA,NA,NA,NA,61382.0203943315,61136.5946520368,61438.5821395776,"-0.2%"
"PRINCIPAL ADMINISTRATIVE ASSOCIATE - LEV 1 & 2 NON SUPVR",56583.726439509,56139.3657453297,56674.5824056355,"-0.5%",NA,NA,NA,NA,NA,NA,NA,NA,NA,NA,NA,NA,59618.4451183273,58695.9537857946,59822.0980326894,"-1.0%",58858.8528101767,58409.8402283313,58960.9007272541,"-0.5%",NA,NA,NA,NA
"PROBATION OFFICER",58260.6464916663,58744.5538231343,58023.3770317034,"0.6%",62227.3598130285,63203.6584217144,61763.2493235796,"1.2%",63202.3993580692,64208.2502808009,62714.44139376,"1.2%",59947.2888114172,60511.1588419053,59673.9000583755,"0.7%",56602.7917196752,56078.2506424137,56866.4332870493,"-0.7%",58536.0892769854,58017.4278310754,58775.8783269237,"-0.6%",58208.0491803279,58088.0851133475,58261.7591531599,"-0.1%"
"PROCUREMENT ANALYST",60339.4635260408,60891.8410970218,60095.6082622116,"0.7%",62603.4797961686,64196.861563817,61901.1672703935,"1.8%",63594.0660548909,64499.8755327577,63167.7442932756,"1.0%",64453.9159979029,65971.2729567604,63727.5313389423,"1.7%",65458.2962292677,67020.5676340895,64740.0166788916,"1.7%",66069.8148107054,69057.5889526112,64739.9935411364,"3.2%",67364.1503067485,71772.5398656015,65717.0647438662,"4.4%"
"PROFESSOR",112982.643735026,113175.331574102,112751.023167561,"0.2%",112132.023047609,113046.265599569,111074.472865552,"0.9%",112362.021300721,112952.550744431,111690.624357692,"0.6%",122987.275358116,123621.745473641,122246.143700714,"0.6%",118047.217636655,118548.00782528,117467.642628827,"0.5%",116766.585187959,117143.075384465,116342.847878562,"0.3%",120869.154734411,121602.445616281,120056.257304998,"0.6%"
"PUBLIC HEALTH ADVISER",47645.4939559065,47486.2853370625,47709.2515481675,"-0.2%",NA,NA,NA,NA,NA,NA,NA,NA,NA,NA,NA,NA,NA,NA,NA,NA,NA,NA,NA,NA,NA,NA,NA,NA
"PUBLIC HEALTH SANITARIAN",NA,NA,NA,NA,NA,NA,NA,NA,NA,NA,NA,NA,NA,NA,NA,NA,55137.0565497547,56015.2699977604,54243.3333824686,"1.6%",56999.3838499139,57349.1275903879,56653.2075905887,"0.6%",58589.6837209302,58447.4218658943,58744.0944027794,"-0.3%"
"SANITATION WORKER",68082.7497948062,68102.106649366,67522.914790492,"0.4%",69152.8382329025,69235.6586028978,66878.4950279666,"1.7%",68681.8117747587,68800.3125361427,65541.4924709418,"2.4%",69652.656411602,69800.5397192183,65893.3182722161,"2.9%",70279.830032198,70455.2388165598,65920.656912339,"3.3%",68183.585394638,68434.9980159619,62522.6553279125,"4.5%",68659.5342847769,68894.7127681264,63536.8447676634,"4.0%"
"SCHOOL FOOD SERVICE MANAGER",52653.0732855237,52610.2085482904,52664.4491277097,"-0.1%",55752.3652546181,55851.5277213694,55727.5316899044,"0.1%",55113.3985543088,55012.1059162293,55139.1101651316,"-0.1%",53465.7972663536,52013.3458019478,53865.2588731961,"-1.7%",53170.7152013008,52649.1937141836,53299.1485885379,"-0.6%",52517.4803739148,52550.2937718668,52509.3863405293,"0.0%",56785.472972973,55927.9352431217,57038.6496819275,"-1.0%"
"SCHOOL PSYCHOLGIST",90888.8141414079,94306.0082846658,89978.8787120156,"2.3%",95028.9883292171,99772.5076883155,93868.1570413119,"3.0%",96172.8369779425,100161.183065902,95219.0789742736,"2.5%",99200.4886731129,101941.538162945,98565.2831307383,"1.7%",101600.374061815,104606.394884958,100925.775744704,"1.8%",102202.717517931,104162.809344017,101778.151523285,"1.2%",102873.203931204,105819.556794503,102257.356995528,"1.7%"
"SCHOOL SAFETY AGENT",37919.725728891,37816.4664767267,37970.1103758947,"-0.2%",40530.4718544447,40398.035617887,40595.3273924573,"-0.2%",41898.8099964459,41776.5421005554,41958.1304468366,"-0.2%",42631.6216550435,42414.1246082712,42734.3338768267,"-0.4%",44560.0626545296,44184.812336404,44736.9559856436,"-0.6%",43153.1922864,42732.4990333013,43351.5230685251,"-0.7%",45897.2076980755,45309.8828229092,46180.6940461895,"-1.0%"
"SCHOOL SECRETARY",58136.2506784273,57247.3824783263,58147.5017255992,"-0.8%",60696.4514497342,58656.6425145768,60724.2888017135,"-1.7%",61609.2470858541,57538.1855202199,61676.964252103,"-3.5%",63075.2494936336,59655.2460076064,63135.8406100368,"-2.8%",64145.104961796,59880.5968457837,64231.9929242209,"-3.5%",64324.9516589274,59922.0110904887,64423.5205035429,"-3.6%",65159.889837083,61001.560940542,65258.8328857998,"-3.4%"
"SCHOOL SOCIAL WORKER",93490.9683617595,95041.0126209866,93106.4536552772,"1.0%",96585.8154026818,98254.4044455346,96198.5245006993,"1.1%",97517.5036313232,98049.2063444467,97400.6238085909,"0.3%",99343.9960029619,100181.953618094,99156.4433027431,"0.5%",101641.574308296,102457.609331341,101457.905967635,"0.5%",102463.406810161,103179.221011296,102307.182092248,"0.4%",101395.655021834,101948.210447059,101281.105313643,"0.3%"
"SECRETARY",42093.5185542765,41395.0135683098,42123.8647741558,"-0.9%",44180.4706909489,43404.047701403,44214.8935399501,"-0.9%",44972.4294654677,44247.4942244016,45007.091929003,"-0.9%",45907.9822216851,44718.6852958223,45964.8363613588,"-1.4%",44684.7522134044,43389.8000628725,44752.0794231995,"-1.5%",45755.3513876444,43949.5774955163,45859.5076354965,"-2.1%",47040.3669565217,44514.3587746182,47187.6485599354,"-2.9%"
"SENIOR OCCUPATIONAL THERAPIST",66948.3051494044,67137.4731987775,66919.4372791033,"0.2%",NA,NA,NA,NA,NA,NA,NA,NA,NA,NA,NA,NA,NA,NA,NA,NA,NA,NA,NA,NA,NA,NA,NA,NA
"SENIOR PHYSICAL THERAPIST",67101.9744659604,67191.4614145493,67059.4936063471,"0.1%",NA,NA,NA,NA,NA,NA,NA,NA,NA,NA,NA,NA,NA,NA,NA,NA,NA,NA,NA,NA,NA,NA,NA,NA
"SENIOR POLICE ADMINISTRATIVE AIDE",46285.3776339854,46367.7770588942,46280.4519608278,"0.1%",48370.7107141331,48421.3984677096,48367.9561575502,"0.1%",49094.4513884768,49115.7559243906,49093.3182689286,"0.0%",50897.576192072,50761.6200383549,50904.7093364359,"-0.1%",50224.923868384,49534.0134979991,50262.9611663297,"-0.7%",52155.2430466936,51623.5986003976,52187.6113103697,"-0.5%",53946.5900900901,53003.1681273887,54000.9310762891,"-0.9%"
"SERGEANT",98508.1710790041,98351.8436736137,99268.4026263214,"-0.5%",102781.366790719,102614.212753344,103589.985896964,"-0.5%",103934.486023241,103767.008315333,104783.327278664,"-0.5%",104940.344562927,104862.566465994,105335.461740427,"-0.2%",NA,NA,NA,NA,NA,NA,NA,NA,NA,NA,NA,NA
"SERGEANT D/A SPECIAL ASSIGNMENT",NA,NA,NA,NA,NA,NA,NA,NA,121531.693372911,122390.325371196,117908.940820392,"1.9%",123077.299544694,123714.294139912,120524.692220489,"1.3%",NA,NA,NA,NA,NA,NA,NA,NA,NA,NA,NA,NA
"SERGEANT D/A SUPERVISOR DETECTIVE SQUAD",116843.254544877,117025.410948986,114874.134014427,"0.9%",NA,NA,NA,NA,121674.98536926,122043.58901475,118709.429203965,"1.4%",NA,NA,NA,NA,NA,NA,NA,NA,NA,NA,NA,NA,NA,NA,NA,NA
"SERGEANT-",NA,NA,NA,NA,NA,NA,NA,NA,NA,NA,NA,NA,NA,NA,NA,NA,106108.100242125,106094.947048929,106174.528317701,"0.0%",104076.997312972,104041.183878084,104258.41069949,"-0.1%",102723.003703704,102761.167056683,102527.141120006,"0.1%"
"SERGEANT-D/A SPECIAL ASSIGNMENT",NA,NA,NA,NA,NA,NA,NA,NA,NA,NA,NA,NA,NA,NA,NA,NA,123123.046789463,123682.36238924,120944.569180882,"1.1%",122357.941289368,122590.552847246,121469.124140413,"0.5%",120870.733067729,120777.422241548,121273.195573125,"-0.2%"
"SERGEANT-D/A SUPERVISOR DETECTIVE SQUAD",NA,NA,NA,NA,NA,NA,NA,NA,NA,NA,NA,NA,NA,NA,NA,NA,123906.86616078,124064.777424887,122795.779279737,"0.5%",122991.317698143,122870.940435398,123852.344990417,"-0.4%",121614.866873065,121718.580478633,120926.753577563,"0.3%"
"SERGEANTD/A SPECIAL ASSIGNMENT",116072.372265705,116541.448898962,113570.124707535,"1.3%",121538.032903466,121885.438352326,119685.568421962,"0.9%",NA,NA,NA,NA,NA,NA,NA,NA,NA,NA,NA,NA,NA,NA,NA,NA,NA,NA,NA,NA
"SERGEANTD/A SUPERVISOR DETECTIVE SQUAD",NA,NA,NA,NA,121804.124235619,122010.646470763,119870.295623262,"0.9%",NA,NA,NA,NA,122991.624252403,123245.625472712,121138.394924813,"0.9%",NA,NA,NA,NA,NA,NA,NA,NA,NA,NA,NA,NA
"SPECIAL ASSISTANT",NA,NA,NA,NA,NA,NA,NA,NA,NA,NA,NA,NA,108721.295935699,114065.83319273,105247.529676623,"4.0%",103631.426296112,106204.126658303,101955.602223761,"2.0%",103564.744720336,105540.897929594,102545.716893707,"1.4%",106661.419811321,107127.756980608,106434.726880862,"0.3%"
"SPECIAL OFFICER",41388.8148154457,41574.0115644206,41127.293288982,"0.5%",40632.0576425811,40994.2300487362,40144.9301688103,"1.0%",40453.7512393919,40504.8215967627,40381.2816282421,"0.2%",40750.9634064105,40829.3500773478,40650.6162793605,"0.2%",40338.4814258525,40564.9009732702,40053.3155089731,"0.6%",40327.4158245316,40825.1623796379,39689.4364468045,"1.4%",43886.4811320755,44174.6063337651,43508.9949845002,"0.8%"
"STAFF ANALYST",64365.288065318,63574.0535813853,64840.384906493,"-1.0%",64584.6635221253,63905.9393631856,64936.1503990814,"-0.8%",68891.5416095067,68429.2710786081,69130.7577978941,"-0.5%",69187.5459305737,67654.313600147,69949.3507957692,"-1.7%",66545.9920881282,64801.3080384444,67565.2577407842,"-2.1%",65578.226815358,64194.685380558,66387.112184394,"-1.7%",64547.5619047619,63923.8379557589,64961.99167941,"-0.8%"
"STAFF NURSE",62746.665080377,63018.4510648861,62729.9117681195,"0.2%",66764.5116719381,66959.0020314252,66753.5075325832,"0.2%",68365.5296396254,67891.7517364624,68395.4358321017,"-0.4%",70240.0799054908,69858.9117068853,70265.5823961157,"-0.3%",71465.82646958,70739.0534605158,71511.254014384,"-0.5%",71983.545286189,71097.6613691318,72040.9966497519,"-0.7%",73228.8461538462,72485.1245811954,73272.3230053636,"-0.5%"
"SUBSTANCE ABUSE PREVENTION & INTERVENTION SPECIALIST",58509.1307062057,57952.0394564279,58739.571626272,"-0.7%",61067.8102511317,60375.8221187745,61339.3011089386,"-0.8%",60601.8518027215,60368.0907094254,60696.369644158,"-0.3%",62055.8898890461,61839.5366134435,62146.2638487492,"-0.2%",60870.1876425295,60758.6421942236,60912.1712814309,"-0.1%",61869.2082448174,61367.3679430628,62064.4983873169,"-0.6%",63650.7533039648,62844.6428877686,63992.6648486254,"-0.9%"
"SUPERVISING EMERGENCY MEDICAL SERVICE SPECIALIST",68980.5742426321,69276.9868434037,67906.9524841656,"1.0%",69148.1964190463,69415.0381027628,68189.4211992948,"0.9%",68789.1453861608,68811.2436454656,68707.7731227447,"0.1%",72330.2602176251,72343.3381047081,72285.9288598486,"0.0%",73666.4893042146,73940.0730404097,72812.9194822433,"0.8%",72652.5113771208,72484.9972331645,73144.9004998123,"-0.5%",72781.7942973523,72620.0704634166,73261.6005426542,"-0.4%"
"SUPERVISING SPECIAL OFFICER",NA,NA,NA,NA,NA,NA,NA,NA,56477.8835743897,57174.4724264312,55302.5399168821,"1.7%",NA,NA,NA,NA,NA,NA,NA,NA,NA,NA,NA,NA,NA,NA,NA,NA
"SUPERVISOR",92070.6729226892,91184.1462709859,101761.244255395,"-5.5%",93237.4386712071,92505.1248642848,101619.660592032,"-4.7%",91979.181445629,91203.1669768542,101488.705296682,"-5.3%",92460.2946718635,91460.8592412723,104417.829702187,"-6.6%",92454.6964170518,91330.7609748293,105204.063213248,"-7.1%",94371.6623600746,93076.5618621591,108830.824723945,"-7.8%",95927.6034201954,94372.1689769696,111915.168898923,"-8.5%"
"SUPERVISOR I",54212.4921459915,53961.7376993059,54321.7947321051,"-0.3%",56560.2892981084,56364.0261150487,56655.2653070053,"-0.3%",57344.753574032,57089.972548421,57458.5386358293,"-0.3%",58167.4703400065,57844.4658277844,58303.2269876868,"-0.4%",56530.4720445249,56194.4617554661,56662.0841072426,"-0.4%",57921.4915328407,57606.4884581719,58050.7000954674,"-0.4%",59264.3948220065,58997.6590099842,59369.8266771224,"-0.3%"
"TEACHER",81777.0723106718,81377.7759425027,81928.205322354,"-0.3%",86143.6710888283,85647.230434852,86331.5469903823,"-0.4%",88010.24793919,87580.4340861692,88171.1792019631,"-0.3%",90339.3290654108,89863.1470259645,90517.935638411,"-0.4%",92388.6930550801,91737.5628054158,92634.2544085298,"-0.5%",93378.7217586805,92641.4868823335,93659.6524172946,"-0.5%",95865.3641831882,94871.9548857388,96245.3468286343,"-0.7%"
"TEACHER ASSIGNED A",92096.0240998007,91654.8341958594,92225.3847258575,"-0.3%",98554.5137843746,99340.9895902566,98373.6469946769,"0.5%",100608.282286251,102234.359820761,100342.863792869,"0.9%",100997.99870479,101772.354740498,100875.600497935,"0.4%",100972.296403081,99018.1683734556,101231.141601099,"-1.1%",101968.745216419,97775.2437069561,102457.039792611,"-2.3%",104738.329113924,101808.148700868,105068.47636587,"-1.6%"
"TEACHER ATTENDANCE",85247.5431906179,89006.6133408891,82478.400503314,"3.8%",90330.7498250675,93328.7828732826,88079.1532443838,"2.9%",92512.0726174132,95042.8142930623,90622.344801839,"2.4%",95139.9224230837,98794.8009029703,92649.3497438745,"3.2%",98026.3030709035,101568.194657605,95689.9914241211,"3.0%",97952.7981700053,101251.590962179,95804.0787625042,"2.8%",100472.755033557,102588.940500857,99104.6201638952,"1.7%"
"TEACHER SPECIAL EDUCATION",75458.778640637,75805.2247618174,75377.8606801814,"0.3%",79264.6224095273,79589.5669919514,79189.9095123458,"0.3%",81547.5384778645,81947.0396502319,81457.1942348254,"0.3%",84545.632163141,84595.6152376165,84534.4952569916,"0.0%",86450.2155582569,86166.1545519821,86512.843045542,"-0.2%",87257.7520906265,86376.3741494541,87452.9301940703,"-0.6%",88860.1751008434,87766.8159343424,89100.1558999863,"-0.8%"
"TEACHER SPECIAL EDUCATION-REG SUB",NA,NA,NA,NA,NA,NA,NA,NA,58097.9882571486,57527.6378606471,58266.5228790514,"-0.6%",59115.4467273546,58802.7219442984,59272.4552377414,"-0.4%",60380.197386964,60260.0860118552,60431.0507709381,"-0.1%",60509.7551303759,60097.9100902815,60690.9970053656,"-0.5%",61721.603286385,61333.1658915151,61904.2679381713,"-0.5%"
"TEACHER-REG SUB",NA,NA,NA,NA,69243.2911797803,87700.7900047216,58923.7313712011,"19.6%",66945.2154628401,78641.1761981611,60126.9684435127,"13.3%",66076.8322576166,78011.635994158,60641.6522334907,"12.5%",67231.1567299954,78284.37505298,62076.5090826644,"11.5%",67375.0926088784,74977.5695903121,62472.2111726648,"9.1%",72809.9260869565,84491.3465704213,64119.3440161598,"13.7%"
"TRAFFIC DEVICE MAINTAINER",56508.6469120319,56483.9024521431,57640.422104049,"-1.0%",NA,NA,NA,NA,NA,NA,NA,NA,NA,NA,NA,NA,NA,NA,NA,NA,NA,NA,NA,NA,NA,NA,NA,NA
"TRAFFIC ENFORC AGENT",45504.713478986,45462.509732898,45589.1987162952,"-0.1%",45423.4443577625,45420.3214590322,45429.2885137658,"0.0%",48121.5473441775,48119.8822740063,48124.6094164651,"0.0%",48049.2031072002,48064.0481147191,48020.4726595518,"0.0%",NA,NA,NA,NA,NA,NA,NA,NA,NA,NA,NA,NA
"TRAFFIC ENFORC AGENT-L 3 & 4 ONLY",NA,NA,NA,NA,NA,NA,NA,NA,NA,NA,NA,NA,NA,NA,NA,NA,46605.0397437694,46580.4836485761,46649.5948564132,"-0.1%",45864.1953279509,45807.7811736593,45976.698809007,"-0.2%",NA,NA,NA,NA
"TRAFFIC ENFORCEMENT AGENT",36560.9916737267,36323.2835077396,36842.1457127562,"-0.7%",36488.2715058253,36281.0842017554,36735.5766742761,"-0.6%",39415.9767108113,39217.0912161356,39649.0969586275,"-0.5%",39539.7882429274,39265.0556946559,39888.4261005449,"-0.8%",NA,NA,NA,NA,NA,NA,NA,NA,43705.7659685864,43645.984979418,43791.8512808081,"-0.2%"
"TRAFFIC ENFORCEMENT AGENT AL 1 & 2 ONLY",NA,NA,NA,NA,NA,NA,NA,NA,NA,NA,NA,NA,NA,NA,NA,NA,40434.2065892257,40353.2704921521,40540.8671737649,"-0.2%",40681.9494260131,40595.4913266545,40796.3620525462,"-0.2%",NA,NA,NA,NA
"URBAN PARK RANGER",NA,NA,NA,NA,NA,NA,NA,NA,NA,NA,NA,NA,NA,NA,NA,NA,NA,NA,NA,NA,NA,NA,NA,NA,50639.0468085106,50638.6154214398,50639.8266969487,"0.0%"
"WATERSHED MAINTAINER",51344.2486965667,51347.0446008644,51238.2574492985,"0.1%",53446.0499393013,53381.9177908204,56340.6783543284,"-2.7%",53799.5402684718,53804.5347107117,53613.9367265708,"0.2%",NA,NA,NA,NA,NA,NA,NA,NA,NA,NA,NA,NA,NA,NA,NA,NA
"YOUTH DEVELOPMENT SPECIALIST",NA,NA,NA,NA,NA,NA,NA,NA,NA,NA,NA,NA,NA,NA,NA,NA,NA,NA,NA,NA,48513.1238964714,47384.7339639606,51184.6249805618,"-3.9%",50701.2471910112,49320.3370319706,53989.9720191055,"-4.5%"
